<?xml version="1.0" encoding="utf-8"?>
<!--
/*
** Copyright 2006, Google Inc.
**
** Licensed under the Apache License, Version 2.0 (the "License");
** you may not use this file except in compliance with the License.
** You may obtain a copy of the License at
**
**     http://www.apache.org/licenses/LICENSE-2.0
**
** Unless required by applicable law or agreed to in writing, software
** distributed under the License is distributed on an "AS IS" BASIS,
** WITHOUT WARRANTIES OR CONDITIONS OF ANY KIND, either express or implied.
** See the License for the specific language governing permissions and
** limitations under the License.
*/
-->
<!-- use empty string to specify no proxy or port -->
<apns version="6">
  <apn carrier="T-Mobile US" mcc="310" mnc="260" apn="epc.tmobile.com" user="none" server="*" password="none" mmsc="http://mms.msg.eng.t-mobile.com/mms/wapenc"/>
  <apn carrier="T-Mobile US 250" mcc="310" mnc="250" apn="epc.tmobile.com" user="none" server="*" password="none" mmsc="http://mms.msg.eng.t-mobile.com/mms/wapenc"/>
  <apn carrier="T-Mobile US 660" mcc="310" mnc="660" apn="epc.tmobile.com" user="none" server="*" password="none" mmsc="http://mms.msg.eng.t-mobile.com/mms/wapenc"/>
  <apn carrier="T-Mobile US 230" mcc="310" mnc="230" apn="epc.tmobile.com" user="none" server="*" password="none" mmsc="http://mms.msg.eng.t-mobile.com/mms/wapenc"/>
  <apn carrier="T-Mobile US 310" mcc="310" mnc="310" apn="epc.tmobile.com" user="none" server="*" password="none" mmsc="http://mms.msg.eng.t-mobile.com/mms/wapenc"/>
  <apn carrier="T-Mobile US 580" mcc="310" mnc="580" apn="epc.tmobile.com" user="none" server="*" password="none" mmsc="http://mms.msg.eng.t-mobile.com/mms/wapenc"/>
  <apn carrier="T-Mobile US 240" mcc="310" mnc="240" apn="epc.tmobile.com" user="none" server="*" password="none" mmsc="http://mms.msg.eng.t-mobile.com/mms/wapenc"/>
  <apn carrier="T-Mobile US 800" mcc="310" mnc="800" apn="epc.tmobile.com" user="none" server="*" password="none" mmsc="http://mms.msg.eng.t-mobile.com/mms/wapenc"/>
  <apn carrier="T-Mobile US 210" mcc="310" mnc="210" apn="epc.tmobile.com" user="none" server="*" password="none" mmsc="http://mms.msg.eng.t-mobile.com/mms/wapenc"/>
  <apn carrier="T-Mobile US 160" mcc="310" mnc="160" apn="epc.tmobile.com" user="none" server="*" password="none" mmsc="http://mms.msg.eng.t-mobile.com/mms/wapenc"/>
  <apn carrier="T-Mobile US 270" mcc="310" mnc="270" apn="epc.tmobile.com" user="none" server="*" password="none" mmsc="http://mms.msg.eng.t-mobile.com/mms/wapenc"/>
  <apn carrier="T-Mobile US 200" mcc="310" mnc="200" apn="epc.tmobile.com" user="none" server="*" password="none" mmsc="http://mms.msg.eng.t-mobile.com/mms/wapenc"/>
  <apn carrier="T-Mobile US 220" mcc="310" mnc="220" apn="epc.tmobile.com" user="none" server="*" password="none" mmsc="http://mms.msg.eng.t-mobile.com/mms/wapenc"/>
  <apn carrier="T-Mobile US 490" mcc="310" mnc="490" apn="epc.tmobile.com" user="none" server="*" password="none" mmsc="http://mms.msg.eng.t-mobile.com/mms/wapenc"/>
  <!-- T-Mobile Europe -->
  <apn carrier="T-Mobile UK" mcc="234" mnc="30" apn="general.t-mobile.uk" user="t-mobile" password="tm" server="*" mmsproxy="149.254.201.135" mmsport="8080" mmsc="http://mmsc.t-mobile.co.uk:8002"/>
  <apn carrier="T-Mobile D" mcc="262" mnc="01" apn="internet.t-mobile" user="t-mobile" password="tm" server="*" mmsproxy="172.028.023.131" mmsport="8008" mmsc="http://mms.t-mobile.de/servlets/mms"/>
  <apn carrier="T-Mobile A" mcc="232" mnc="03" apn="gprsinternet" user="t-mobile" password="tm" server="*" mmsproxy="010.012.000.020" mmsport="80" mmsc="http://mmsc.t-mobile.at/servlets/mms" type="default"/>
  <apn carrier="T-Mobile A MMS" mcc="232" mnc="03" apn="gprsmms" user="t-mobile" password="tm" server="*" mmsproxy="010.012.000.020" mmsport="80" mmsc="http://mmsc.t-mobile.at/servlets/mms" type="mms"/>
  <apn carrier="T-Mobile CZ" mcc="230" mnc="01" apn="internet.t-mobile.cz" user="wap" password="wap" server="*" mmsproxy="010.000.000.010" mmsport="80" mmsc="http://mms" type="default"/>
  <apn carrier="T-Mobile CZ MMS" mcc="230" mnc="01" apn="mms.t-mobile.cz" user="mms" password="mms" server="*" mmsproxy="010.000.000.010" mmsport="80" mmsc="http://mms" type="mms"/>
  <apn carrier="T-Mobile NL" mcc="204" mnc="16" apn="smartsites.t-mobile" user="*" password="*" server="*" mmsproxy="010.010.010.011" mmsport="8080" mmsc="http://t-mobilemms" type="default"/>
  <apn carrier="T-Mobile NL MMS" mcc="204" mnc="16" apn="mms" user="tmobilemms" password="tmobilemms" server="*" mmsproxy="010.010.010.011" mmsport="8080" mmsc="http://t-mobilemms" type="mms"/>
  <apn carrier="3services" apn="3services" mmsc="mmsc.three.net.au:10021/mmsc" mmsproxy="10.176.57.25" mmsport="8799" mcc="505" mnc="06"/>
  <apn carrier="3" apn="three.co.uk" mmsc="http://mms.um.three.co.uk:10021/mmsc" mmsproxy="mms.three.co.uk" mmsport="8799" mcc="234" mnc="20"/>
  <apn carrier="o2 Internet" apn="surfo2" mmsc="http://10.81.0.7:8002" mmsproxy="82.113.100.5" mmsport="8080" mcc="262" mnc="07"/>
  <apn carrier="Airtel India" apn="airtelgprs.com" mmsc="airtelmms.com" mcc="404" mnc="90"/>
  <apn carrier="cmnet" apn="cmnet" mcc="460" mnc="00"/>
  <apn carrier="cmwap" apn="cmwap" mmsc="http://mmsc.monternet.com" mmsproxy="010.000.000.172" mmsport="80" mcc="460" mnc="00"/>
  <apn carrier="Optus Internet" apn="yesinternet" user="*" password="*" server="*" mmsc="null" mcc="505" mnc="02" type="default"/>
  <apn carrier="Optus MMS" apn="mms" proxy="202.139.83.152" port="8070" user="*" password="*" server="*" mmsc="http://mmsc.optus.com.au:8002/" mmsproxy="61.88.190.10" mmsport="8070" mcc="505" mnc="02" type="mms"/>
  <apn carrier="IDEAS" apn="e-ideas" user="*" password="*" server="*" mmsc="null" mcc="525" mnc="01" type="default"/>
  <apn carrier="Three" apn="3netaccess" mcc="505" mnc="06" type="default"/>
  <apn carrier="Three MMS" apn="3services" mmsc="http://mmsc.three.net.au:10021/mmsc" mmsproxy="mmsprox.three.net.au" mmsport="8799" mcc="505" mnc="06" type="mms"/>
  <apn carrier="Virgin Internet" apn="virgininternet" user="*" password="*" server="*" mmsc="null" mcc="505" mnc="02" type="internet"/>
  <apn carrier="Virgin MMS" apn="virginmms" proxy="202.139.083.152" port="8070" user="*" password="*" server="*" mmsc="http://mms.virginvibe.com.au:8002/" mmsproxy="202.139.083.152" mmsport="8070" mcc="505" mnc="02" type="mms"/>
  <apn carrier="Vodafone Internet" apn="vfinternet.au" user="*" password="*" server="*" mcc="505" mnc="03" type="default"/>
  <apn carrier="Vodafone MMS" apn="live.vodafone.com" user="*" password="*" server="*" mmsc="http://pxt.vodafone.net.au/pxtsend" mmsproxy="10.202.2.60" mmsport="8080" mcc="505" mnc="03" type="mms"/>
  <apn carrier="Telstra GPRS" apn="telstra.internet" user="*" password="*" server="*" mcc="505" mnc="01"/>
  <apn carrier="Telstra 3G Pay by Time" apn="telstra.pcpack" password="telstra" mcc="505" mnc="01"/>
  <apn carrier="Vodafone NZ" apn="live.vodafone.com" user="*" password="*" server="*" mcc="530" mnc="01"/>
  <apn carrier="Vodafone NZ MMS" apn="live.vodafone.com" user="*" password="*" server="*" mmsc="http://pxt.vodafone.net.nz/pxtsend" mmsproxy="172.030.038.003" mmsport="8080" mcc="530" mnc="01" type="mms"/>
  <apn carrier="Rogers" apn="internet.com" user="wapuser1" password="wap" mcc="302" mnc="72"/>
  <apn carrier="Rogers MMS" apn="media.com" user="media" password="mda01" server="172.25.0.107" mmsc="http://mms.gprs.rogers.com" type="mms"/>
  <apn carrier="Mtel" apn="inet-gprs.mtel.bg" mmsc="http://mmsc/" mmsproxy="010.150.000.033" mmsport="8080" mcc="284" mnc="01"/>
  <apn carrier="Globul" apn="globul" user="globul" mmsc="http://mmsc1.mms.globul.bg:8002" mmsproxy="192.168.087.011:8002" mmsport="8004" mcc="284" mnc="05"/>
  <apn carrier="Vivatel" apn="internet.vivatel.bg" user="vivatel" pass="vivatel" mmsc="http://mmsc.vivatel.bg" mmsproxy="192.168.123.123" mmsport="8080" mcc="284" mnc="03"/>
  <apn carrier="ATT" apn="wap.cingular" user="WAP@CINGULARGPRS.COM" pass="CINGULAR1" mmsc="http://mmsc.cingular.com" mmsproxy="wireless.cingular.com" mmsport="80" mcc="310" mnc="410"/>
  <apn carrier="Movistar Internet" apn="movistar.es" proxy="" port="" user="MOVISTAR" password="MOVISTAR" server="" mmsc="" mmsproxy="" mmsport="" mcc="214" mnc="07" type="default"/>
  <apn carrier="Telefonica MMS" apn="telefonica.es" proxy="" port="" user="telefonica" password="telefonica" server="" mmsc="http://mms.movistar.com" mmsproxy="10.138.255.5" mmsport="8080" mcc="214" mnc="07" type="mms"/>
  <apn carrier="o2 Internet" apn="o2surf" proxy="" port="" user="" password="" server="" mmsc="" mmsproxy="" mmsport="" mcc="262" mnc="07" type="default"/>
  <apn carrier="Orange World" mcc="208" mnc="01" apn="orange" user="orange" password="orange" server="*" type="default"/>
  <apn carrier="Orange MMS" mcc="208" mnc="01" apn="orange.acte" user="orange" password="orange" server="*" mmsproxy="192.168.010.200" mmsport="8080" mmsc="http://mms.orange.fr" type="mms"/>
  <apn carrier="SFR NET" mcc="208" mnc="10" apn="wapsfr" proxy="195.115.25.129" port="8080" user="none" server="*" password="none" type="default"/>
  <apn carrier="SFR MMS" mcc="208" mnc="10" apn="mmssfr" proxy="10.151.0.1" port="8080" user="none" server="*" password="none" mmsc="http://mms1" type="mms"/>
  <apn carrier="BTL" mcc="208" mnc="20" apn="mmsbouygtel.com" proxy="62.201.129.226" port="8080" user="none" server="*" password="none" mmsc="http://mms.bouygtelecom.fr/mms/wapen" type="mms"/>
  <apn carrier="Fido" apn="internet.fido.ca" user="fido" pass="fido" type="default" />
  <apn carrier="Fido MMS" apn="mms.fido.ca" mmsc="http://mms.fido.ca" mmsproxy="205.151.11.13" type="mms" />
  <apn carrier="o2 UK" apn="mobile.o2.co.uk" user="vertigo" pass="password" mcc="234" mnc="10" />
  <apn carrier="o2 UK Postpay" apn="wap.o2.co.uk" user="O2wap" pass="password" mmsc="http://mmsc.mms.o2.co.uk" mmsproxy="193.113.200.195" port="8080" mcc="234" mnc="10" />
  <apn carrier="o2 UK payandgo" apn="payandgo.o2.co.uk" user="Vertigo" pass="password" mmsc="http://mmsc.mms.o2.co.uk" mmsproxy="193.113.200.195" port="8080" mcc="234" mnc="10" />
  <apn carrier="ICE Celular" apn="icecelular" type="default" user="" pass="" />
</apns>
